temp	atemp	hum	windspeed(mph)	windspeed(ms)	cnt	season_2	season_3	season_4	yr_1	mnth_10	mnth_11	mnth_12	mnth_2	mnth_3	mnth_4	mnth_5	mnth_6	mnth_7	mnth_8	mnth_9	holiday_1	weekday_1	weekday_2	weekday_3	weekday_4	weekday_5	weekday_6	workingday_1	weathersit_2	weathersit_3	temp_sq	atemp_sq	hum_sq	windspeed(mph)_sq	windspeed(ms)_sq	super_nice_day	pca_1	pca_2	pca_3
14.110847	18.18125	80.5833	10.749882000000001	4.80549038891	985	0	0	0	0	0	0	0	0	0	0	0	0	0	0	0	0	0	0	0	0	0	1	0	1	0	199.116003057409	330.55785156249993	6493.668238889999	115.55996301392403	23.092737877906384	False	2341.3306253263145	-444.38645105895984	-20.437744112816155
14.902598000000001	17.68695	69.6087	16.652113	7.443948591860001	801	0	0	0	0	0	0	0	0	0	0	0	0	0	0	0	0	0	0	0	0	0	0	0	1	0	222.08742714960403	312.82820030249997	4845.37111569	277.292867364769	55.41237063825449	False	690.5701158822203	-420.2869489956808	3.943353744825831
8.050924	9.47025	43.7273	16.636703	7.43705990165	1349	0	0	0	0	0	0	0	0	0	0	0	0	0	0	0	0	1	0	0	0	0	0	1	0	0	64.817377253776	89.6856350625	1912.07676529	276.77988671020904	55.3098599807303	False	-2247.156575279164	-631.458283480105	17.066036783384032
8.2	10.6061	59.0435	10.739832	4.80099776486	1562	0	0	0	0	0	0	0	0	0	0	0	0	0	0	0	0	0	1	0	0	0	0	1	0	0	67.24	112.48935721	3486.13489225	115.343991388224	23.049579538190716	False	-670.2125545645789	-634.2572362174031	9.225183399730472
9.305237	11.4635	43.6957	12.5223	5.5978095663800005	1600	0	0	0	0	0	0	0	0	0	0	0	0	0	0	0	0	0	0	1	0	0	0	1	0	0	86.587435626169	131.41183225	1909.31419849	156.80799728999997	31.33547194145545	False	-2246.784029208851	-577.4314695033437	10.00477849247128
8.378267999999998	11.66045	51.8261	6.0008684	2.6825518104599997	1606	0	0	0	0	0	0	0	0	0	0	0	0	0	0	0	0	0	0	0	1	0	0	1	0	0	70.19537467982397	135.96609420250002	2685.9446412099996	36.01042155411856	7.196084215802222	False	-1468.2691377294814	-592.3011207645817	-2.742122350567703
8.057402	10.44195	49.8696	11.304642	5.05348323648	1510	0	0	0	0	0	0	0	0	0	0	0	0	0	0	0	0	0	0	0	0	1	0	1	1	0	64.921726989604	109.03431980250001	2486.97700416	127.79493074816399	25.537692821384375	False	-1669.3664167536947	-618.4816667941526	8.207737894736077
6.765	8.1127	53.5833	17.875868	7.991000447030001	959	0	0	0	0	0	0	0	0	0	0	0	0	0	0	0	0	0	0	0	0	0	1	0	1	0	45.765224999999994	65.81590129	2871.1700388900003	319.54665675342403	63.85608814443368	False	-1289.7473262360015	-684.6565023509104	17.48876000106301
5.671653	5.80875	43.4167	24.25065	10.840701832799999	822	0	0	0	0	0	0	0	0	0	0	0	0	0	0	0	0	0	0	0	0	0	0	0	0	0	32.167647752409	33.7415765625	1885.0098388899999	588.0940254225001	117.52081622767325	False	-2281.2307004715854	-715.2599528225244	21.288336119671474
6.184153	7.5444	48.2917	14.958889000000001	6.6870312919099995	1321	0	0	0	0	0	0	0	0	0	0	0	0	0	0	0	0	1	0	0	0	0	0	1	0	0	38.243748327409	56.91797136000001	2332.08828889	223.76836011432104	44.716387498983515	False	-1827.123271940799	-678.849235585598	18.152067516568067
6.9327309999999995	9.5732	68.6364	8.182844000000001	3.6579544032199998	1263	0	0	0	0	0	0	0	0	0	0	0	0	0	0	0	0	0	1	0	0	0	0	1	1	0	48.062759118360994	91.64615824	4710.955404959999	66.95893592833602	13.380630416036585	False	554.5489886302645	-684.725301806963	9.500694291384123
7.081807	8.02365	59.9545	20.410009	9.123830576669999	1162	0	0	0	0	0	0	0	0	0	0	0	0	0	0	0	0	0	0	1	0	0	0	1	0	0	50.15199038524901	64.3789593225	3594.5420702500005	416.56846738008096	83.24428439177841	False	-568.370045022851	-704.3913653197711	21.032241055175334
6.765	7.54415	47.0417	20.167	9.015198927130001	1406	0	0	0	0	0	0	0	0	0	0	0	0	0	0	0	0	0	0	0	1	0	0	1	0	0	45.765224999999994	56.9141992225	2212.9215388899997	406.7078890000001	81.27381169572593	False	-1949.5442488722347	-683.6436321659154	20.835668695246394
6.59567	9.42065	53.7826	8.478716	3.79021725525	1421	0	0	0	0	0	0	0	0	0	0	0	0	0	0	0	0	0	0	0	0	1	0	1	0	0	43.5028627489	88.7486464225	2892.5680627600004	71.888625008656	14.365746841994843	False	-1263.4384517719755	-652.4215447724074	5.547803956146329
9.566653	12.4056	49.875	10.583521000000001	4.73112248547	1248	0	0	0	0	0	0	0	0	0	0	0	0	0	0	0	0	0	0	0	0	0	1	0	1	0	91.52084962240902	153.89891136	2487.515625	112.01091675744102	22.38351997251983	False	-1667.511103768549	-565.8763015042233	1.2226312947737492
9.498347	11.71085	48.375	12.625011	5.64372418418	1204	0	0	0	0	0	0	0	0	0	0	0	0	0	0	0	0	0	0	0	0	0	0	0	0	0	90.21859573240901	137.14400772250002	2340.140625	159.39090275012103	31.851622667098205	False	-1816.002147840718	-579.8031788996931	9.71223589095513
7.209153	8.83855	53.75	12.999139	5.81096960215	1000	0	0	0	0	0	0	0	0	0	0	0	0	0	0	0	1	1	0	0	0	0	0	0	1	0	51.97188697740899	78.1199661025	2889.0625	168.977614741321	33.767367717111334	False	-1268.8134679069744	-661.716412190017	17.185724042364004
8.883347	11.61665	86.1667	9.833925	4.39603263299	683	0	0	0	0	0	0	0	0	0	0	0	0	0	0	0	0	0	1	0	0	0	0	1	1	0	78.913853922409	134.9465572225	7424.700188890001	96.70608090562502	19.325102910312992	False	3267.876703932698	-689.9626118526462	9.243295507885557
11.979134	14.9211	74.1739	13.957239000000001	6.2392664282500006	1650	0	0	0	0	0	0	0	0	0	0	0	0	0	0	0	0	0	0	1	0	0	0	1	1	0	143.499651389956	222.63922520999998	5501.7674412100005	194.80452050312104	38.92844556268752	False	1345.9295853370668	-547.8174561662141	1.0246021946074857
10.728347	12.7525	53.8333	13.125568	5.8674868127	1927	0	0	0	0	0	0	0	0	0	0	0	0	0	0	0	0	0	0	0	1	0	0	1	1	0	115.097429352409	162.62625624999998	2898.02418889	172.280535322624	34.42740149720841	False	-1257.8388458105735	-556.8392513886541	13.660419442691255
7.2775	7.89165	45.7083	23.667214	10.5798900313	1543	0	0	0	0	0	0	0	0	0	0	0	0	0	0	0	0	0	0	0	0	1	0	1	0	0	52.962006249999995	62.27813972250001	2089.2486888900003	560.1370185217961	111.93407307440111	False	-2075.841537415973	-682.426370458791	20.39612180521791
2.4243464	3.9534800000000003	40.0	11.521989999999999	5.15064371927	981	0	0	0	0	0	0	0	0	0	0	0	0	0	0	0	0	0	0	0	0	0	1	0	0	0	5.87745546719296	15.630004110400003	1600.0	132.75625356009996	26.529130722855495	False	-2558.346544538682	-710.1565793578294	19.36081039859917
3.9573897000000002	4.941955	43.6522	16.5222	7.3858739383100005	986	0	0	0	0	0	0	0	0	0	0	0	0	0	0	0	0	0	0	0	0	0	0	0	0	0	15.660933237666091	24.422919222025	1905.51456484	272.98309284000004	54.55113383260688	False	-2255.2565478461156	-712.6765691958129	19.513142016745974
3.9930432999999996	5.8965	49.1739	10.60811	4.74211443898	1416	0	0	0	0	0	0	0	0	0	0	0	0	0	0	0	0	1	0	0	0	0	0	1	0	0	15.944394795674887	34.76871224999999	2418.0724412100003	112.5319977721	22.487649352382597	False	-1739.7220020364934	-704.5656871571412	16.530134449164795
9.162598	11.7263	61.6957	8.696332	3.8874975413499997	1985	0	0	0	0	0	0	0	0	0	0	0	0	0	0	0	0	0	1	0	0	0	0	1	1	0	83.95320210960398	137.50611169	3806.3593984900003	75.626190254224	15.112637134002293	False	-348.7652644384486	-608.3684814015705	7.6888497697321
8.9175	10.18	86.25	19.68795	8.80105051408	506	0	0	0	0	0	0	0	0	0	0	0	0	0	0	0	0	0	0	1	0	0	0	1	0	1	79.52180625000001	103.63239999999999	7439.0625	387.61537520250005	77.45849015138783	False	3276.36450944437	-733.3320347915095	24.44046876367862
7.995	10.985	68.75	7.627078999999999	3.4095122932499997	431	0	0	0	0	0	0	0	0	0	0	0	0	0	0	0	0	0	0	0	1	0	0	1	0	0	63.920025	120.67022499999999	4726.5625	58.172334072240986	11.624774077822872	False	570.9616220360721	-651.9390579866451	3.919054348638885
8.342597999999999	11.16585	79.3043	8.2611	3.6929369691600002	1167	0	0	0	0	0	0	0	0	0	0	0	0	0	0	0	0	0	0	0	0	1	0	1	1	0	69.59894138960398	124.67620622250001	6289.17199849	68.24577321000001	13.637783458188649	False	2132.9900749288126	-678.3574466802413	7.520317345586096
8.057402	10.6063	65.1739	9.739455	4.35380196692	1098	0	0	0	0	0	0	0	0	0	0	0	0	0	0	0	0	0	0	0	0	0	1	0	0	0	64.921726989604	112.49359968999998	4247.637241210001	94.85698369702499	18.95559156715646	False	91.39486709144842	-650.1590826466096	8.640444862159606
8.877402	12.5161	72.2174	4.9568342	2.21584005364	1096	0	0	0	0	0	0	0	0	0	0	0	0	0	0	0	0	0	0	0	0	0	0	0	0	0	78.808266269604	156.65275921	5215.35286276	24.570205286289642	4.909947143315319	False	1060.961378666391	-622.5242505931477	-5.798546215739763
7.414153	9.3125	60.375	12.541864	5.60655520787	1501	0	0	0	0	0	0	0	0	0	0	0	0	0	0	0	0	1	0	0	0	0	0	1	1	0	54.969664707408995	86.72265625	3645.140625	157.298352594496	31.433461298894215	False	-512.5879075040057	-668.0566576045284	15.22446359065894
7.879134	11.7265	82.9565	3.565271	1.5937733571700001	1360	0	0	0	0	0	0	0	1	0	0	0	0	0	0	0	0	0	1	0	0	0	0	1	1	0	62.08075258995599	137.51080224999998	6881.780892250001	12.711157303441	2.5401135140249327	False	2726.5493700344136	-681.684937185884	-4.756397883763583
10.66	12.72085	77.5417	17.708636	7.91624318283	1526	0	0	0	0	0	0	0	1	0	0	0	0	0	0	0	0	0	0	1	0	0	0	1	1	0	113.6356	161.82002472250002	6012.715238890001	313.59578898049597	62.66690612970245	False	1853.1932971902565	-632.2389727169939	14.297867335206298
7.665236999999999	8.8939	43.7826	18.609384	8.31890210103	1550	0	0	0	0	0	0	0	1	0	0	0	0	0	0	0	0	0	0	0	1	0	0	1	0	0	58.75585826616899	79.10145721	1916.9160627600002	346.30917285945594	69.20413216652135	False	-2243.840877823427	-648.13995166232	17.78746454008187
8.663464	11.42935	58.5217	8.565213	3.8288837729100003	1708	0	0	0	0	0	0	0	1	0	0	0	0	0	0	0	0	0	0	0	0	1	0	1	1	0	75.05560847929598	130.6300414225	3424.78937089	73.36287373536899	14.66035094645352	False	-730.3812134710045	-611.2121571179733	4.626891019347642
9.566653	12.1529	92.9167	10.792292999999999	4.82444926241	1005	0	0	0	0	0	0	0	1	0	0	0	0	0	0	0	0	0	0	0	0	0	1	0	1	0	91.52084962240902	147.69297841000002	8633.51313889	116.47358819784898	23.275310685568392	False	4476.256227197256	-698.5383188451814	12.226916611413209
11.719153	14.58355	56.8333	9.5006	4.24702726866	1623	0	0	0	0	0	0	0	1	0	0	0	0	0	0	0	0	0	0	0	0	0	0	0	0	0	137.338547037409	212.6799306025	3230.02398889	90.26140036000001	18.03724062074162	False	-923.3695866094994	-505.45596419171	1.5236220246878593
11.138347	15.1829	73.8333	3.0423561	1.36001613768	1712	0	0	0	0	0	0	0	1	0	0	0	0	0	0	0	0	1	0	0	0	0	0	1	0	0	124.06277389240898	230.52045241	5451.356188889999	9.255930639207211	1.8496438947500247	False	1298.8736750908206	-540.5895922547609	-16.052800287840817
9.054153	9.9123	53.7917	24.25065	10.840701832799999	1530	0	0	0	0	0	0	0	1	0	0	0	0	0	0	0	0	0	1	0	0	0	0	1	0	0	81.977686547409	98.25369129	2893.5469888899997	588.0940254225001	117.52081622767325	False	-1271.3992382777365	-654.7784465389346	21.0414880218212
5.526103	7.21415	49.4783	12.652213	5.65588421994	1605	0	0	0	0	0	0	0	1	0	0	0	0	0	0	0	0	0	0	1	0	0	0	1	1	0	30.537814366609	52.043960222500004	2448.10217089	160.078493797369	31.989026309366302	False	-1710.1350140194245	-685.70381714731	16.37553326325017
5.918268	7.4774	43.7391	14.869645000000002	6.64713679034	1538	0	0	0	0	0	0	0	1	0	0	0	0	0	0	0	0	0	0	0	1	0	0	1	0	0	35.025896119824004	55.911510760000006	1913.10886881	221.10634242602507	44.18442750949156	False	-2245.9789778237196	-672.7742974134704	15.829203033699088
7.752731	10.67545	50.6364	7.27285	3.2511622708999997	1746	0	0	0	0	0	0	0	1	0	0	0	0	0	0	0	0	0	0	0	0	1	0	1	0	0	60.104837958360996	113.96523270249999	2564.0450049600004	52.8943471225	10.570056111723643	False	-1590.9129066422245	-614.3350344484313	2.699526869274085
9.1225	11.6477	54.4167	13.625589000000002	6.0910098346	1472	0	0	0	0	0	0	0	1	0	0	0	0	0	0	0	0	0	0	0	0	0	1	0	0	0	83.22000625000001	135.66891529	2961.17723889	185.65667559692105	37.10040080519392	False	-1195.7456963646807	-599.9148997157864	5.4443095688290635
12.977402	16.20565	45.7391	17.479160999999998	7.813661600360001	1589	0	0	0	0	0	0	0	1	0	0	0	0	0	0	0	0	0	0	0	0	0	0	0	0	0	168.41296266960398	262.62309192249995	2092.06526881	305.52106926392094	61.05330760494041	False	-2063.7883647793024	-437.5928442672949	-10.306434691770361
17.015	19.9175	37.5833	27.999836	12.5166902101	1913	0	0	0	0	0	0	0	1	0	0	0	0	0	0	0	0	1	0	0	0	0	0	1	0	0	289.510225	396.70680625	1412.50443889	783.9908160268959	156.66753381561318	False	-2748.447106894091	-274.7421203075307	-8.22823070127321
10.909567	12.7137	31.4348	19.522057999999998	8.72689226643	1815	0	0	0	0	0	0	0	1	0	0	0	0	0	0	0	0	0	1	0	0	0	0	1	0	0	119.01865212748898	161.63816769	988.1466510399999	381.1107485553639	76.15864862987573	False	-3170.975797361082	-529.1889189869622	11.662280789965406
13.048701	15.81	42.3478	16.869997	7.54134868127	2115	0	0	0	0	0	0	0	1	0	0	0	0	0	0	0	0	0	0	1	0	0	0	1	0	0	170.26859778740098	249.95610000000002	1793.33616484	284.59679878000907	56.871939932492765	False	-2362.2273749468377	-438.7572457598086	-0.9370748598212496
17.869153	21.4329	50.5	15.416967999999999	6.891805096110001	2475	0	0	0	0	0	0	0	1	0	0	0	0	0	0	0	0	0	0	0	1	0	0	1	0	0	319.306628937409	459.36920241	2550.25	237.68290231302396	47.496977482767775	True	-1599.6177519126327	-195.2292186539321	-13.63068844605943
21.388347	25.59915	51.6667	17.749975	7.9347228430899985	2927	0	0	0	0	0	0	0	1	0	0	0	0	0	0	0	0	0	0	0	0	1	0	1	0	0	457.461387392409	655.3164807225	2669.44788889	315.06161250062496	62.95982659665423	True	-1477.1650395334327	36.09594989491228	-29.210869210746022
16.365847	19.5702	18.7917	34.000021000000004	15.1989365221	1635	0	0	0	0	0	0	0	1	0	0	0	0	0	0	0	0	0	0	0	0	0	1	0	0	0	267.84094802740896	382.99272804	353.1279888899999	1156.0014280004414	231.00767140282525	False	-3814.8819700981744	-301.2480663934464	-24.0026027270219
11.693897	13.8665	40.7826	14.956745000000002	6.68607286544	1812	0	0	0	0	0	0	0	1	0	0	0	0	0	0	0	0	0	0	0	0	0	0	0	0	0	136.747227046609	192.27982225	1663.2204627600001	223.70422099502505	44.70357036197305	False	-2492.4918506416725	-497.9580755734036	9.769386200570718
12.436653	14.20375	60.5	20.625682	9.22024228878	1107	0	0	0	0	0	0	0	1	0	0	0	0	0	0	0	1	1	0	0	0	0	0	0	1	0	154.670337842409	201.74651406249998	3660.25	425.41875796512403	85.01286786380705	False	-499.4497890821726	-534.0221689775441	16.79116550302695
7.471102	9.30165	57.7778	13.110760999999998	5.86086767993	1450	0	0	0	0	0	0	0	1	0	0	0	0	0	0	0	0	0	1	0	0	0	0	1	0	0	55.817365094404	86.5206927225	3338.27417284	171.89205399912095	34.349769961648065	False	-819.6189579872238	-662.2728738268247	15.412429843826294
9.091299000000001	12.28585	42.3043	6.305571	2.81876218149	1917	0	0	0	0	0	0	0	1	0	0	0	0	0	0	0	0	0	0	1	0	0	0	1	0	0	82.65171750740102	150.9421102225	1789.6537984899999	39.76022563604099	7.945420235798263	False	-2363.974059345469	-554.5041795323054	-3.4588156149855585
12.121732000000002	14.45955	69.7391	16.783232	7.5025623603	1807	0	0	0	0	0	0	0	1	0	0	0	0	0	0	0	0	0	0	0	1	0	0	1	1	0	146.93638667982404	209.0785862025	4863.542068809999	281.67687636582406	56.288441970190306	False	706.1321888911599	-548.6930597584454	9.979437280220758
14.938267999999999	17.52305	71.2174	23.218113	10.3791296379	1461	0	0	0	0	0	0	0	1	0	0	0	0	0	0	0	0	0	0	0	0	1	0	1	1	0	223.15185083982396	307.05728130250003	5071.91806276	539.080771280769	107.72633204033419	False	912.1317232273777	-445.9278720691849	4.263331829902849
11.5825	14.1096	53.7917	12.500257000000001	5.587955744299999	1969	0	0	0	0	0	0	0	1	0	0	0	0	0	0	0	0	0	0	0	0	0	1	0	0	0	134.15430625	199.08081216000002	2893.5469888899997	156.25642506604902	31.22524940025536	False	-1261.214497685984	-515.3835234190238	6.038764537980854
14.082598	17.55545	68.0	8.391616	3.75128118015	2402	0	0	0	0	0	0	0	1	0	0	0	0	0	0	0	0	0	0	0	0	0	0	0	0	0	198.31956642960404	308.1938247025	4624.0	70.41921909145601	14.072110492547576	False	472.7501218714936	-420.585719553095	-8.534061930077405
16.698193	20.0059	87.6364	19.408962	8.67633527045	1446	0	0	0	0	0	0	0	1	0	0	0	0	0	0	0	0	1	0	0	0	0	0	1	1	0	278.829649465249	400.23603481000004	7680.138604959999	376.707805917444	75.27879372525467	False	3524.5967799258524	-382.08329265125406	-4.6459625865551795
10.933347	13.19395	53.5	14.500475	6.48210773357	1851	0	0	0	0	0	0	0	0	1	0	0	0	0	0	0	0	0	1	0	0	0	0	1	0	0	119.538076622409	174.08031660249998	2862.25	210.26377522562498	42.017720669608	False	-1294.0671294249917	-546.8746687909231	9.297317825232852
13.735	16.00355	44.9583	20.624810999999998	9.219852928029999	2134	0	0	0	0	0	0	0	0	1	0	0	0	0	0	0	0	0	0	1	0	0	0	1	0	0	188.65022499999998	256.11361260250004	2021.2487388900001	425.3828287857209	85.00568801450335	False	-2136.674879685141	-436.43377681966706	7.4827316219114595
8.131653	10.00665	31.8333	15.125518	6.76151899866	1685	0	0	0	0	0	0	0	0	1	0	0	0	0	0	0	0	0	0	0	1	0	0	1	0	0	66.123780512409	100.1330442225	1013.3589888900001	228.781294768324	45.718139169240125	False	-3144.5489988631207	-600.7087141500515	11.33870094637398
10.728347	12.78395	61.0417	13.624182000000001	6.09038086723	1944	0	0	0	0	0	0	0	0	1	0	0	0	0	0	0	0	0	0	0	0	1	0	1	1	0	115.097429352409	163.4293776025	3726.08913889	185.61833516912404	37.092739107921254	False	-430.27171262838505	-574.2651887186115	13.898547657313507
15.750847	18.93895	78.9167	16.875357	7.54374474743	2077	0	0	0	0	0	0	0	0	1	0	0	0	0	0	0	0	0	0	0	0	0	1	0	1	0	248.08918121740902	358.68382710249995	6227.845538890001	284.77767387744905	56.908084814377716	False	2073.4773807699776	-397.4973443803923	-2.884152730691843
15.437401999999999	18.3126	94.8261	23.000229	10.2817295485	605	0	0	0	0	0	0	0	0	1	0	0	0	0	0	0	0	0	0	0	0	0	0	0	1	0	238.31338050960397	335.35131875999997	8991.98924121	529.010534052441	105.713962508498	False	4831.681322461956	-495.0977181492092	3.2201563086421996
10.731299	11.92305	55.1304	22.870584	10.2237746983	1872	0	0	0	0	0	0	0	0	1	0	0	0	0	0	0	0	1	0	0	0	0	0	1	0	0	115.160778227401	142.1591213025	3039.36100416	523.063612501056	104.52556908159924	False	-1123.348973879891	-598.6212310863629	20.791181374427666
11.9925	15.12	42.0833	8.08355	3.6135672776	2133	0	0	0	0	0	0	0	0	1	0	0	0	0	0	0	0	0	1	0	0	0	0	1	0	0	143.82005625	228.6144	1771.0041388900001	65.3437806025	13.057868469741477	False	-2381.147739234632	-457.08539301816774	-4.634367940295913
12.129153	14.3304	77.5417	14.75005	6.59367456415	1891	0	0	0	0	0	0	0	0	1	0	0	0	0	0	0	0	0	0	1	0	0	0	1	1	0	147.11635249740903	205.36036416	6012.715238890001	217.5639750025	43.47654425791869	False	1856.0450533324508	-571.1387878751467	14.86283250960507
15.952731	19.2834	0.0	17.545759	7.8434327224	623	0	0	0	0	0	0	0	0	1	0	0	0	0	0	0	0	0	0	0	1	0	0	1	0	1	254.489626358361	371.84951556	0.0	307.853658886081	61.51943687081508	False	-4152.711017282684	-255.54693289795415	-13.587103723692138
12.977402	15.25	64.9565	15.608989999999999	6.977644166289999	1977	0	0	0	0	0	0	0	0	1	0	0	0	0	0	0	0	0	0	0	0	1	0	1	1	0	168.41296266960398	232.5625	4219.346892250001	243.64056882009996	48.68751811136086	False	63.47169695839771	-501.1445145768646	11.973288165137538
13.495847	16.2875	59.4583	14.791925	6.61239383102	2132	0	0	0	0	0	0	0	0	1	0	0	0	0	0	0	0	0	0	0	0	0	1	0	0	0	182.137886247409	265.28265625000006	3535.28943889	218.80104520562503	43.723752176511354	False	-619.2209299641275	-451.25113701091095	1.8758726991837056
15.758268	19.00455	52.7391	18.130468	8.10481358963	2417	0	0	0	0	0	0	0	0	1	0	0	0	0	0	0	0	0	0	0	0	0	0	0	0	0	248.32301035982397	361.17292070249994	2781.41266881	328.713869899024	65.68800332265113	False	-1372.5911547082765	-326.7692471479052	-9.017814341434923
13.333897	16.6	49.6957	9.174042	4.1010469378600005	2046	0	0	0	0	0	0	0	0	1	0	0	0	0	0	0	0	1	0	0	0	0	0	1	0	0	177.792809206609	275.56000000000006	2469.66259849	84.163046617764	16.818585986530888	False	-1681.9073766354743	-415.0274428185451	-6.92483234506882
13.013031	15.9089	65.5652	12.348703	5.520206973630001	2056	0	0	0	0	0	0	0	0	1	0	0	0	0	0	0	0	0	1	0	0	0	0	1	1	0	169.338975806961	253.09309920999996	4298.79545104	152.49046578220901	30.47268503171329	False	144.919976907457	-480.2397537950455	1.4885235946956727
14.973897000000001	18.3465	77.6522	13.608839000000001	6.083522127849999	2192	0	0	0	0	0	0	0	0	1	0	0	0	0	0	0	0	0	0	1	0	0	0	1	1	0	224.217591366609	336.59406225	6029.864164839999	185.20049892792105	37.009241480040586	False	1876.7755702499078	-418.9781963259101	-6.30549885308322
17.015	20.51665	60.2917	14.041792999999998	6.277064371930001	2744	0	0	0	0	0	0	0	0	1	0	0	0	0	0	0	0	0	0	0	1	0	0	1	0	0	289.510225	420.9329272224999	3635.08908889	197.17195065484896	39.401537129352974	True	-515.331167630262	-263.62451120738785	-10.970912912380077
22.14	26.35045	52.5217	15.478139	6.919150201160001	3239	0	0	0	0	0	0	0	0	1	0	0	0	0	0	0	0	0	0	0	0	1	0	1	0	0	490.17960000000005	694.3462152024999	2758.5289708900004	239.572786903321	47.87463950621248	True	-1385.7215469019545	89.98924949437513	-26.655740696877487
19.3725	23.32625	37.9167	24.667189	11.0269061243	3117	0	0	0	0	0	0	0	0	1	0	0	0	0	0	0	0	0	0	0	0	0	1	0	0	0	375.29375624999994	544.1139390625001	1437.67613889	608.4702131617211	121.59265867412485	False	-2716.697590110415	-95.40474728903789	-30.29102019217472
13.6325	16.2875	47.375	13.917307000000001	6.22141573536	2471	0	0	0	0	0	0	0	0	1	0	0	0	0	0	0	0	0	0	0	0	0	0	0	0	0	185.84505625	265.28265625000006	2244.390625	193.69143413224901	38.70601375218501	False	-1909.2091182737806	-420.5190275808927	3.6967085121892094
17.647835	20.48675	73.7391	19.348461	8.64928967367	2077	1	0	0	0	0	0	0	0	1	0	0	0	0	0	0	0	1	0	0	0	0	0	1	1	0	311.446080187225	419.70692556250003	5437.454868809999	374.362943068521	74.81021185905449	False	1283.3964221044648	-299.90129417847294	6.074435382375912
18.108347	22.0321	62.4583	15.12525	6.761399195349999	2703	1	0	0	0	0	0	0	0	1	0	0	0	0	0	0	0	0	1	0	0	0	0	1	0	0	327.91223107240893	485.41343041	3901.03923889	228.77318756249997	45.716519078879614	True	-248.5756159716292	-196.99802007113232	-21.455049337993614
14.225237	16.89695	83.9565	15.695487	7.01631068395	2121	1	0	0	0	0	0	0	0	1	0	0	0	0	0	0	0	0	0	1	0	0	0	1	1	0	202.357367706169	285.5069193025	7048.693892250001	246.348312167169	49.22861561371091	False	2893.058052851022	-497.5842383573173	8.696737419917742
11.685	13.54165	80.5833	16.333729	7.301622261960001	1865	1	0	0	0	0	0	0	0	1	0	0	0	0	0	0	0	0	0	0	1	0	0	1	1	0	136.53922500000002	183.3762847225	6493.668238889999	266.79070304544103	53.313687656349884	False	2335.4521594984017	-608.0764749439586	20.07243788045547
10.830847	12.8156	49.5	15.458575	6.910404559680001	2210	1	0	0	0	0	0	0	0	1	0	0	0	0	0	0	0	0	0	0	0	1	0	1	0	0	117.307246737409	164.23960336	2450.25	238.967541030625	47.75369117844615	False	-1706.6529982565523	-549.2710968205366	12.745419518945793
10.899153	12.87855	39.4167	14.041257	6.27682476531	2496	1	0	0	0	0	0	0	0	1	0	0	0	0	0	0	0	0	0	0	0	0	1	0	0	0	118.791536117409	165.8570501025	1553.67623889	197.156898140049	39.39852913440893	False	-2602.1437473741826	-525.7517755311378	12.564129510149
10.374763	12.51695	49.3913	12.3481	5.51993741618	1693	1	0	0	0	0	0	0	0	1	0	0	0	0	0	0	0	0	0	0	0	0	0	0	1	0	107.635707306169	156.67403730249998	2439.50051569	152.47557361000003	30.46970907854394	False	-1716.0337686854796	-555.3235826007231	11.347819038789966
10.838268	12.8787	30.2174	14.217668	6.3556852928	2028	1	0	0	0	0	0	0	0	1	0	0	0	0	0	0	0	1	0	0	0	0	0	1	0	0	117.46805323982399	165.86091369000002	913.0912627600001	202.142083358224	40.394735541114215	False	-3242.658906531324	-513.6098610776352	10.720370200380822
12.4025	14.6454	31.4167	15.208732000000001	6.79871792579	2425	1	0	0	0	0	0	0	0	1	0	0	0	0	0	0	0	0	1	0	0	0	0	1	0	0	153.82200625	214.48774116	987.0090388899999	231.30552904782405	46.22256543445828	False	-3168.103613843799	-456.46490884625507	8.342500199151687
12.3	14.8675	64.6667	11.583496	5.1781385784500005	1536	1	0	0	0	0	0	0	0	1	0	0	0	0	0	0	0	0	0	1	0	0	0	1	1	0	151.29000000000002	221.04255625	4181.7820888900005	134.17737958201602	26.813119137632192	False	27.561286154376575	-512.8621464861587	7.574640826754151
11.001653	12.87875	91.8333	14.582282000000001	6.51867769334	1685	1	0	0	0	0	0	0	0	1	0	0	0	0	0	0	0	0	0	0	1	0	0	1	0	1	121.03636873240899	165.8622015625	8433.35498889	212.64294832752404	42.493158869648504	False	4275.0162879627815	-668.1090879223565	22.092823528589467
12.3	14.1727	68.625	17.333436	7.74851855163	2227	1	0	0	0	0	0	0	0	0	1	0	0	0	0	0	0	0	0	0	0	1	0	1	1	0	151.29000000000002	200.86542529000002	4709.390625	300.44800356609596	60.039539744954276	False	551.6005178123697	-550.4193939896553	18.015516696764383
12.915	15.78185	65.375	13.208782000000001	5.904685739830001	2252	1	0	0	0	0	0	0	0	0	1	0	0	0	0	0	0	0	0	0	0	0	1	0	1	0	166.79722499999997	249.06678942250002	4273.890625	174.47192192352404	34.86531368615176	False	119.52396397406503	-485.8836579148057	1.6192284883333716
15.511652999999999	18.93835	48.0	12.208271	5.45743004023	3249	1	0	0	0	0	0	0	0	0	1	0	0	0	0	0	0	0	0	0	0	0	0	0	0	0	240.61137879240897	358.6611007225	2304.0	149.041880809441	29.78354264400482	True	-1846.6676209735638	-311.88481923891476	-11.02481634158182
23.506653	27.14645	42.625	25.833257	11.5481703174	3115	1	0	0	0	0	0	0	0	0	1	0	0	0	0	0	0	1	0	0	0	0	0	1	0	0	552.562735262409	736.9297476025001	1816.890625	667.357167228049	133.36023767967842	False	-2333.576133768844	153.62642142436073	-12.759556715753012
16.980847	19.9175	64.2083	26.000489	11.6229275816	1795	1	0	0	0	0	0	0	0	0	1	0	0	0	0	0	0	0	1	0	0	0	0	1	1	0	288.34916483740903	396.70680625	4122.705788889999	676.0254282391211	135.09244556711803	False	-37.110652395244905	-324.64440976939494	-4.19668179199266
16.024153	19.3804	47.0833	17.625221	7.87895440322	2808	1	0	0	0	0	0	0	0	0	1	0	0	0	0	0	0	0	0	1	0	0	0	1	0	0	256.7734793674089	375.59990416000005	2216.83713889	310.648415298841	62.07792248801982	True	-1936.330383913551	-297.35883082103254	-11.778772797171795
17.9375	21.6848	60.2917	10.874903999999999	4.8613786321	3141	1	0	0	0	0	0	0	0	0	1	0	0	0	0	0	0	0	0	0	1	0	0	1	0	0	321.75390625	470.23055103999997	3635.08908889	118.26353700921598	23.63300220463847	True	-512.7155046983174	-199.93648919231458	-15.24938454337524
13.769153	16.22395	83.625	15.208464000000001	6.7985981224900005	1471	1	0	0	0	0	0	0	0	0	1	0	0	0	0	0	0	0	0	0	0	1	0	1	1	0	189.58957433740898	263.21655360249997	6993.140625	231.29737723929603	46.22093643112456	False	2837.2971405648814	-520.7895867291982	12.829966681047207
14.0425	17.07645	87.75	8.916561	3.9859459097000003	2455	1	0	0	0	0	0	0	0	0	1	0	0	0	0	0	0	0	0	0	0	0	1	0	1	0	197.19180625	291.60514460250005	7700.0625	79.505060066721	15.887764795054164	False	3547.324356431761	-498.6537536827908	4.406144107793312
17.493347	21.33685	85.75	9.833389	4.39579302637	2895	1	0	0	0	0	0	0	0	0	1	0	0	0	0	0	0	0	0	0	0	0	0	0	1	0	306.017189262409	455.2611679224999	7353.0625	96.69553922532101	19.32299633068312	False	3203.995240262153	-297.147069142729	-13.473614845315787
24.421732000000002	28.26085	71.6956	21.739758	9.71826464014	3348	1	0	0	0	0	0	0	0	0	1	0	0	0	0	0	0	1	0	0	0	0	0	1	1	0	596.4209938798241	798.6756427225001	5140.25905936	472.61707789856393	94.44466761579542	False	993.8124480086012	172.85174198371095	-9.92720040401185
20.6025	24.6527	73.9167	18.416892999999998	8.232853375060001	2034	1	0	0	0	0	0	0	0	0	1	0	0	0	0	0	0	0	1	0	0	0	0	1	1	0	424.46300625	607.7556172899999	5463.678538890001	339.18194777344894	67.77987469523686	False	1314.5718077899628	-81.09718820678589	-22.438820517839602
16.9125	20.86415	81.9167	16.791339	7.50618641037	2162	1	0	0	0	0	0	0	0	0	1	0	0	0	0	0	0	0	0	1	0	0	0	1	1	0	286.03265625000006	435.31275522249996	6710.345738890001	281.949065412921	56.34283442722326	False	2557.533103853996	-323.91891269144406	-20.481278354508937
19.1675	23.1371	54.0417	7.4169	3.3155565489499996	3267	1	0	0	0	0	0	0	0	0	1	0	0	0	0	0	0	0	0	0	1	0	0	1	0	0	367.39305625000003	535.32539641	2920.50533889	55.01040561	10.99291522928523	False	-1224.3380113870992	-101.78326812680976	-20.01615577205578
18.313347	22.09565	67.125	15.167125	6.780118462230001	3126	1	0	0	0	0	0	0	0	0	1	0	0	0	0	0	1	0	0	0	0	1	0	0	0	0	335.378678342409	488.21774892249994	4505.765625	230.04168076562502	45.97000636187211	True	356.05789897210326	-202.7933796912206	-16.688277581614475
17.664153	21.2746	88.8333	22.834135999999997	10.207481448400001	795	1	0	0	0	0	0	0	0	0	1	0	0	0	0	0	0	0	0	0	0	0	1	0	0	1	312.022301207409	452.60860515999997	7891.355188889999	521.3977668664959	104.19267751943019	False	3734.2923704635464	-334.39507475944765	-13.595212207289789
18.723347	22.2848	47.9583	20.334232	9.08995619133	3744	1	0	0	0	0	0	0	0	0	1	0	0	0	0	0	0	0	0	0	0	0	0	0	0	0	350.563722882409	496.61231104	2299.99853889	413.480991029824	82.6273035602986	False	-1852.08198632801	-153.01021165206606	-15.699129785882128
21.0125	25.1573	54.25	10.958989	4.89896691998	3429	1	0	0	0	0	0	0	0	0	1	0	0	0	0	0	0	1	0	0	0	0	0	1	0	0	441.52515624999995	632.88974329	2943.0625	120.09943990212102	23.99987688305833	True	-1200.5807009297293	15.744639323125451	-24.08488957978828
20.739152999999998	24.4629	66.5833	10.584057000000001	4.7313620920899995	3204	1	0	0	0	0	0	0	0	0	1	0	0	0	0	0	0	0	1	0	0	0	0	1	1	0	430.1124671574089	598.43347641	4433.33583889	112.02226257924903	22.385787246466258	False	288.67379240155554	-48.63206089912417	-9.61431458263453
24.395	28.2196	61.4167	16.208975	7.245853822080001	3944	1	0	0	0	0	0	0	0	0	1	0	0	0	0	0	0	0	0	1	0	0	0	1	0	0	595.116025	796.34582416	3772.01103889	262.73087055062496	52.502397610951355	True	-370.16674500481145	212.32256654893936	-7.580212862321709
18.825847	22.6946	40.7083	21.792285999999997	9.74174608851	4189	1	0	0	0	0	0	0	0	0	1	0	0	0	0	0	0	0	0	0	1	0	0	1	0	0	354.412515267409	515.0448691600001	1657.1656888900002	474.9037291057959	94.9016168529999	False	-2495.5127571122916	-126.90938328196017	-25.967702257744197
13.803347	16.0977	72.9583	14.707907	6.574835493969999	1683	1	0	0	0	0	0	0	0	0	1	0	0	0	0	0	0	0	0	0	0	1	0	1	1	0	190.53238840240903	259.13594529	5322.9135388899995	216.322528320649	43.22846177276772	False	1167.85483074369	-487.7512551995707	14.40274186606474
18.86	22.50605	88.7917	15.458575	6.910404559680001	4036	1	0	0	0	0	0	0	0	0	1	0	0	0	0	0	0	0	0	0	0	0	1	0	1	0	355.6996	506.52228660249995	7883.965988890001	238.967541030625	47.75369117844615	False	3733.476394292261	-246.54571673158173	-8.421754088040679
23.848347	27.58815	81.0833	12.875725	5.75580017881	4191	1	0	0	0	0	0	0	0	0	1	0	0	0	0	0	0	0	0	0	0	0	0	0	1	0	568.7436546324091	761.1060204224999	6574.501538889999	165.78429427562497	33.12923569838923	False	2432.313919765097	116.60429356499365	-1.273521731073824
24.873347	28.725	77.6667	12.417311	5.5508766204699995	4073	1	0	0	0	0	0	0	0	0	1	0	0	0	0	0	0	1	0	0	0	0	0	1	0	0	618.6833909824089	825.1256250000001	6032.116288890001	154.189612470721	30.812231255680445	True	1891.9211576024222	209.6358425330751	-2.6790712990222505
25.898347	29.70415	72.9167	21.8755	9.77894501565	4400	1	0	0	0	0	0	0	0	0	1	0	0	0	0	0	0	0	1	0	0	0	0	1	0	0	670.7243773324091	882.3365272225	5316.845138890001	478.53750024999994	95.62776561910599	False	1172.4151544090307	280.30251285796544	-4.009346848223211
25.42	28.7571	83.5417	20.9174	9.35064818954	3872	1	0	0	0	0	0	0	0	0	1	0	0	0	0	0	0	0	0	1	0	0	0	1	1	0	646.1764000000001	826.97080041	6979.215638890001	437.53762276000003	87.43462156454767	False	2833.8080959191707	190.02018807447482	14.021094560093939
25.3175	28.94645	70.0833	21.500836	9.61145999106	4058	1	0	0	0	0	0	0	0	0	1	0	0	0	0	0	0	0	0	0	1	0	0	1	1	0	640.97580625	837.8969676024999	4911.6689388899995	462.285948698896	92.3801631597471	False	766.6212281663697	236.5922051974469	0.2946042556982495
20.91	24.87315	45.7083	16.084221	7.19008538221	4595	1	0	0	0	0	0	0	0	0	1	0	0	0	0	0	0	0	0	0	0	1	0	1	0	0	437.2281	618.6735909224999	2089.2486888900003	258.702165176841	51.697327803469925	True	-2056.9664110450612	10.637244163411408	-21.866628189528125
19.3725	23.20105	50.3333	15.750025	7.040690657130001	5312	1	0	0	0	0	0	0	0	0	1	0	0	0	0	0	0	0	0	0	0	0	1	0	0	0	375.29375624999994	538.2887211025	2533.44108889	248.06328750062502	49.57132492939768	True	-1614.7082873972345	-99.14141600313768	-19.368104236888346
